{"accuracy": 0.9326599326599326, "f1": 0.9117647058823529}